{
    "f1": 0.9250354480948869,
    "ece": 0.0007409743878511381,
    "auc": 0.955482863281592,
    "auc_pr": 0.9178732118244276,
    "brier": 0.04195005716574659
}